ID,Probennehmer,Expedition,Year,Lat,Lon,Locality,Rock_description,Rock_name,Rock_suite,Rock_type,Susceptibility_average,Density
NWR 221 ,Roland,"GeoMaud (Central Dronning Maud Land), 1995/96",1995/2156,-71.283,13.617,Obersee,Anorthosit,Anorthosite,Anorthosite suite,Anorthosite,0.2064,2.691865079
118,Helferich,Südafrikanische Dronning Maud Land Expedition,1997/98,-73.91806,-5.3,Uven,Basalt,Basalt,Anorthosite suite,Basic rocks,28.09,2.951
119,Helferich,Südafrikanische Dronning Maud Land Expedition,1997/98,-73.91806,-5.3,Uven,Basalt,Basalt,Anorthosite suite,Basic rocks,32,2.986
4281,Jacobs,GeoMaud,1995/96,-71.783,9.66667,Pettersenegga; S-Gipfel,basaltischer Sill mit überprägten Plag-Phenoxten,Basalt,Anorthosite suite,Basic rocks,0.846666667,2.74
114,Helferich,Südafrikanische Dronning Maud Land Expedition,1997/98,-73.95,-5.41667,Fault Nunatak,feink. bas. Intrusiva,Basite,Anorthosite suite,Basic rocks,0.716,3.041
4307,Jacobs,GeoMaud,1995/96,-71.833,9.7,Conrad Tonalite Valley,"Basit, Ft-Probe, H: 1520 m",Basite,Anorthosite suite,Basic rocks,5.07,
NWR 179 ,Roland,"GeoMaud (Central Dronning Maud Land), 1995/96",1995/2116,-71.583,12.167,westl. Petermann Range,bas. Einschaltung,Basite,Anorthosite suite,Basic rocks,0.129,2.61627907
23,Helferich,Südafrikanische Dronning Maud Land Expedition,1997/98,-73.9675,-5.8,Gavlpiggen,bas. Vulkanit aus Sill,Basite Vulkanit (Sill),Anorthosite suite,Basic rocks,1.504,2.838
31,Helferich,Südafrikanische Dronning Maud Land Expedition,1997/98,-74.03528,-5.61806,Ladgavlen,bas. Vulkanit aus Sill,Basite Vulkanit (Sill),Anorthosite suite,Basic rocks,0.756,3.042
47,Helferich,Südafrikanische Dronning Maud Land Expedition,1997/98,-74.08389,-6.30139,Frostbite Bluff,Deform. Dyke,Dyke,Anorthosite suite,Basic rocks,0.588,2.805
4639,Jacobs,"GeoMaud 2, NARP",1999/2000,-72.017,3.95,"W-Mühlig-Hofmann-Gebirge; Hoggestabben Nord, AS 23",Vesikulärer jurassischer Dyke; NW-Dyke,Dyke,Anorthosite suite,Basic rocks,40.452,2.893
4203,Jacobs,GeoMaud,1995/96,-71.833,9.7,Zentraler Teil Conrad,Pyroxenit from Boudin,Pyroxenite,Anorthosite suite,Basic rocks,0.6,3.043
4184,Jacobs,GeoMaud,1995/96,-71.833,9.7,E-Conrad Ridge,4 Stücke mit verschiedenen Replacement Charnockiten,Charnockite,Granitoid suite,Charnockite,2.2083,
4185,Jacobs,GeoMaud,1995/96,-71.833,9.7,E-Conrad Ridge,4 Stücke mit verschiedenen Replacement Charnockiten,Charnockite,Granitoid suite,Charnockite,0.607,2.66
4187,Jacobs,GeoMaud,1995/96,-71.833,9.7,E-Conrad Ridge,4 Stücke mit verschiedenen Replacement Charnockiten,Charnockite,Granitoid suite,Charnockite,0.17,
4336,Jacobs,GeoMaud,1995/96,-71.867,8.884,Zentral Holtedahl,"charnockitische Partie, Opx?",Charnockite,Granitoid suite,Charnockite,1.1333,
4631,Jacobs,"GeoMaud 2, NARP",1999/2000,-72.05,4.05,"W-Mühlig-Hofmann-Gebirge; Spota, AS20","Charnockit von W-Spitze, Petro",Charnockite,Granitoid suite,Charnockite,0.278,2.779
DML 101 ,Laufer,DFG Geological Expedition To Central DML Antarctica,,-73.192,4.026,W of Hoggestabben,charnockite,Charnockite,Granitoid suite,Charnockite,0.8502,2.674778761
NWR 102 ,Roland,"GeoMaud (Central Dronning Maud Land), 1995/96",1995/2077,-71.697,7.927,Steinsteinen,"Charnockit, j?nger",Charnockite,Granitoid suite,Charnockite,1.7084,2.77
NWR 103 ,Roland,"GeoMaud (Central Dronning Maud Land), 1995/96",1995/2078,-71.697,7.927,Steinsteinen,Charnockit,Charnockite,Granitoid suite,Charnockite,1.6382,2.738075314
NWR 11 ,Roland,"GeoMaud (Central Dronning Maud Land), 1995/96",1995/2006,-71.691,9.654,Conrad Mountains,Charnokite,Charnockite,Granitoid suite,Charnockite,1.703,2.762328213
NWR 156 ,Roland,"GeoMaud (Central Dronning Maud Land), 1995/96",1995/2097,-71.516,12.583,"Petermann Range, ""Castle""",Charnokit / Pegmatit,Charnockite,Granitoid suite,Charnockite,0.2476,2.681715576
NWR 158 ,Roland,"GeoMaud (Central Dronning Maud Land), 1995/96",1995/2099,-71.521,12.721,"Petermann Range, ""Castle""",Charnockit / Syenit,Charnockite,Granitoid suite,Charnockite,1.4262,2.65974026
NWR 195 ,Roland,"GeoMaud (Central Dronning Maud Land), 1995/96",1995/2130,-71.654,12.515,Sudl. Schwarzhorn,charnockit Fragment,Charnockite,Granitoid suite,Charnockite,2.068,2.84029484
NWR 206 ,Roland,"GeoMaud (Central Dronning Maud Land), 1995/96",1995/2141,-71.6,12.557,Schwarzhorn,"diorit. Gang, intrus. Charnockit?",Charnockite,Granitoid suite,Charnockite,5.8514,2.714141414
NWR 97 ,Roland,"GeoMaud (Central Dronning Maud Land), 1995/96",1995/2072,-71.697,7.927,Steinsteinen,Charnockit,Charnockite,Granitoid suite,Charnockite,1.662,2.671732523
4364,Jacobs,GeoMaud,1995/96,-71.75,10.33333,Dallmann Top,Enderbit mit großen Opx!,Enderbite,Granitoid suite,Charnockite,0.3417,
14,Helferich,Südafrikanische Dronning Maud Land Expedition,1997/98,-74.11667,-6.2,Muskeg Cliff,Gabbro,Gabbro,Granitoid suite,Gabbro,0.693,2.952
17,Helferich,Südafrikanische Dronning Maud Land Expedition,1997/98,-74.11861,-6.13333,Muskeg Cliff,Gabbro,Gabbro,Granitoid suite,Gabbro,0.058,2.676
69,Helferich,Südafrikanische Dronning Maud Land Expedition,1997/98,-73.6,-4.31667,"Nunatak 1,3 km WNW´ Enden",feink. Gabbro nahe Intrusionskontakt,Gabbro,Granitoid suite,Gabbro,13.324,3.022
70,Helferich,Südafrikanische Dronning Maud Land Expedition,1997/98,-73.6,-4.31667,"Nunatak 1,3 km WNW´ Enden",Gabbro,Gabbro,Granitoid suite,Gabbro,7.424,3.01
4724,Jacobs,Heimefrontfjella,1994,-74.28333,-9.6,Laudalkammen,"Diorite-gabbro from northern part of Laudalkammen, funny mica, check!",Gabbro,Granitoid suite,Gabbro,0.332,2.923
4727,Jacobs,Heimefrontfjella,1994,-74.28333,-9.6,Laudalkammen,gabbro from basic complex,Gabbro,Granitoid suite,Gabbro,0.35,2.962
4731,Jacobs,Heimefrontfjella,1994,-74.33334,-9.73333,Verlängerung Schivestolen,Gabbro-dyke,Gabbro,Granitoid suite,Gabbro,0.605,3.022
DML 601 C,Laufer,DFG Geological Expedition To Central DML Antarctica,,-72.052,4.184,Stalstuten SE Flanke,Fe-reicher Gabbro,Gabbro,Granitoid suite,Gabbro,0.2778,2.898066784
NWR 182 ,Roland,"GeoMaud (Central Dronning Maud Land), 1995/96",1995/2119,-71.717,12.203,Zwiesel,Gabbro,Gabbro,Granitoid suite,Gabbro,26.374,3.061009667
NWR 192 A,Roland,"GeoMaud (Central Dronning Maud Land), 1995/96",1995/2128,-71.654,12.515,Sudl. Schwarzhorn,Granat-Biotit-Granit / Randfazies des Syenits zu Gabbro,Gabbro,Granitoid suite,Gabbro,66.03333333,2.887985943
NWR 192 B,Roland,"GeoMaud (Central Dronning Maud Land), 1995/96",1995/2129,-71.654,12.515,Sudl. Schwarzhorn,Randfazies des Syenits zu Gabbro,Gabbro,Granitoid suite,Gabbro,2.4946,2.798023715
NWR 234 ,Roland,"GeoMaud (Central Dronning Maud Land), 1995/96",1995/2157,-70.868,11.525,Tallaksenvarden,Gabbro,Gabbro,Granitoid suite,Gabbro,30.824,2.836455696
NWR 31 ,Roland,"GeoMaud (Central Dronning Maud Land), 1995/96",1995/2018,-71.833,9,Holtedahl,Gabbro,Gabbro,Granitoid suite,Gabbro,0.6584,3.103717472
NWR 39 ,Roland,"GeoMaud (Central Dronning Maud Land), 1995/96",1995/2021,-71.833,9,Holtedahl,Gabbro,Gabbro,Granitoid suite,Gabbro,0.3774,3.103024575
NWR 101 ,Roland,"GeoMaud (Central Dronning Maud Land), 1995/96",1995/2076,-71.697,7.927,Steinsteinen,"Granit, Charnockit, j?nger",Charnockite - Granite,Granitoid suite,Granite to syenite with charnokitisation,45.6,2.822934233
NWR 118 ,Roland,"GeoMaud (Central Dronning Maud Land), 1995/96",1995/2090,-71.809,10.457,Sherbakowa,charnockit.Granit,Charnockite - Granite,Granitoid suite,Granite to syenite with charnokitisation,0.652,2.826277372
NWR 119 ,Roland,"GeoMaud (Central Dronning Maud Land), 1995/96",1995/2091,-71.809,10.457,Sherbakowa,charnockit.Granit,Charnockite - Granite,Granitoid suite,Granite to syenite with charnokitisation,0.3982,2.742629482
NWR 153 ,Roland,"GeoMaud (Central Dronning Maud Land), 1995/96",1995/2094,-71.486,12.634,Ostl. Petermann Range,charnockit. Granit / Syenit,Charnockite - Granite,Granitoid suite,Granite to syenite with charnokitisation,8.0974,2.685
NWR 160 ,Roland,"GeoMaud (Central Dronning Maud Land), 1995/96",1995/2101,-71.521,12.721,"Petermann Range, ""Castle""",foliierter Granit / Charnockit,Charnockite - Granite,Granitoid suite,Granite to syenite with charnokitisation,0.86,2.72001824
NWR 93 ,Roland,"GeoMaud (Central Dronning Maud Land), 1995/96",1995/2068,-71.697,7.927,Steinsteinen,"Granit, charnockitisch; Syenit/Xenolith",Charnockite - Granite,Granitoid suite,Granite to syenite with charnokitisation,0.2692,2.678516229
NWR 96 ,Roland,"GeoMaud (Central Dronning Maud Land), 1995/96",1995/2071,-71.697,7.927,Steinsteinen,Charnockit. Granit,Charnockite - Granite,Granitoid suite,Granite to syenite with charnokitisation,6.19875,2.651763537
4258,Jacobs,GeoMaud,1995/96,-72.083,2.83333,Reconnaissanceflug nach Gjelsvikfjella,"Steinsteinen, charnockitisierter Syenit, sonst wie JJ 1701",Charnockite - Syenite,Granitoid suite,Granite to syenite with charnokitisation,2.0929,
4300,Jacobs,GeoMaud,1995/96,-71.75,6.88333,E Mühlig-Hoffmann Gebirge; Nunatak Perskjeret,"charnockitischer Syenit, Ft-Probe, H: 1780 m",Charnockite - Syenite,Granitoid suite,Granite to syenite with charnokitisation,0.3143,2.671
NWR 151 ,Roland,"GeoMaud (Central Dronning Maud Land), 1995/96",1995/2092,-71.438,12.711,Ostl. Petermann Range,Charnockit / Syenit,Charnockite - Syenite,Granitoid suite,Granite to syenite with charnokitisation,8.0974,2.620674357
NWR 163 ,Roland,"GeoMaud (Central Dronning Maud Land), 1995/96",1995/2104,-71.476,12.756,mittlere Johansonhorna,Charnokit/ Syenit,Charnockite - Syenite,Granitoid suite,Granite to syenite with charnokitisation,0.656666667,2.912727273
NWR 211 ,Roland,"GeoMaud (Central Dronning Maud Land), 1995/96",1995/2146,-71.517,12.529,Schwarzhorn,Charnockit / Syenit,Charnockite - Syenite,Granitoid suite,Granite to syenite with charnokitisation,0.1392,2.679599499
NWR 51 ,Roland,"GeoMaud (Central Dronning Maud Land), 1995/96",1995/2028,-71.91,8.837,Holtedahl,Charnokite-Syenit,Charnockite - Syenite,Granitoid suite,Granite to syenite with charnokitisation,0.2794,2.706525453
NWR 165 ,Roland,"GeoMaud (Central Dronning Maud Land), 1995/96",1995/2106,-71.476,12.756,mittlere Johansonhorna,Charnokit / Syenogranit,Charnockite - Syenite - Granite,Granitoid suite,Granite to syenite with charnokitisation,9.724,2.691092584
NWR 189 ,Roland,"GeoMaud (Central Dronning Maud Land), 1995/96",1995/2125,-71.654,12.515,Sudl. Schwarzhorn,charnockitischer Granit / Syenit,Charnockite - Syenite - Granite,Granitoid suite,Granite to syenite with charnokitisation,4.5866,2.722566123
NWR 88 ,Roland,"GeoMaud (Central Dronning Maud Land), 1995/96",1995/2063,-71.83,8.92,Holtedahl,"Syenit, charnock.Granit",Charnockite - Syenite - Granite,Granitoid suite,Granite to syenite with charnokitisation,11.86,2.62745098
37,Helferich,Südafrikanische Dronning Maud Land Expedition,1997/98,-72.35139,-0.78472,Kvithovden (H. U. Sverdrupfjella),Aplitgang,Aplite,Granitoid suite,"Granite to syenite, diorite",8.196,2.624
NWR 48 ,Roland,"GeoMaud (Central Dronning Maud Land), 1995/96",1995/2026,-71.897,8.886,Holtedahl,Aplit,Aplite,Granitoid suite,"Granite to syenite, diorite",0.1024,2.612005857
4726,Jacobs,Heimefrontfjella,1994,-74.28333,-9.6,Laudalkammen,diorite from basic complex,Diorite,Granitoid suite,"Granite to syenite, diorite",0.443,2.952
4756,Jacobs,Heimefrontfjella,1994,-74.33334,-9.73333,Schivestolen,Diorit,Diorite,Granitoid suite,"Granite to syenite, diorite",0.386,2.863
4770,Jacobs,Heimefrontfjella,1994,-74.3,-9.73333,Mittelkamm Burasbotnen,Granodiorit from top,Diorite,Granitoid suite,"Granite to syenite, diorite",13.942,2.715
4771,Jacobs,Heimefrontfjella,1994,-74.3,-9.73333,Mittelkamm Burasbotnen,Diorit from lunch spot,Diorite,Granitoid suite,"Granite to syenite, diorite",0.416,2.866
4773,Jacobs,Heimefrontfjella,1994,-74.3,-9.73333,Mittelkamm Burasbotnen,Upper diorit from top,Diorite,Granitoid suite,"Granite to syenite, diorite",0.468,2.867
NWR 111 A,Roland,"GeoMaud (Central Dronning Maud Land), 1995/96",1995/2085,-71.633,8.456,Drygalskifjella,Diorit,Diorite,Granitoid suite,"Granite to syenite, diorite",0.0576,2.626585366
NWR 112 A,Roland,"GeoMaud (Central Dronning Maud Land), 1995/96",1995/2087,-71.708,8.438,Drygalskifjella,Diorit,Diorite,Granitoid suite,"Granite to syenite, diorite",0.0524,2.594326241
NWR 207 ,Roland,"GeoMaud (Central Dronning Maud Land), 1995/96",1995/2142,-71.565,12.646,Schwarzhorn,Intrusion diorit. Gang,Diorite,Granitoid suite,"Granite to syenite, diorite",0.1224,2.600851064
9,Helferich,Südafrikanische Dronning Maud Land Expedition,1997/98,-74.06861,-6.15139,Concretion Point,deformierter Granit,Granite,Granitoid suite,"Granite to syenite, diorite",0.133,2.633
36,Helferich,Südafrikanische Dronning Maud Land Expedition,1997/98,-72.35139,-0.78472,Kvithovden (H. U. Sverdrupfjella),granit. Gang,Granite,Granitoid suite,"Granite to syenite, diorite",0.474,2.605
51,Helferich,Südafrikanische Dronning Maud Land Expedition,1997/98,-74.08389,-6.30139,Frostbite Bluff,Basalt,Granite,Granitoid suite,"Granite to syenite, diorite",23.236,2.989
77,Helferich,Südafrikanische Dronning Maud Land Expedition,1997/98,-73.61667,-4.21667,Enden,Granit-Mylonit,Granite,Granitoid suite,"Granite to syenite, diorite",0.241,2.622
87,Helferich,Südafrikanische Dronning Maud Land Expedition,1997/98,-73.4,-3.55,Tverreggtelen,"""Leukogranit""",Granite,Granitoid suite,"Granite to syenite, diorite",22.228,2.605
146,Helferich,Südafrikanische Dronning Maud Land Expedition,1997/98,-74.05139,-6.38333,W' Ende Polaris Ridge,(syntektonisch?) deformierter Granit,Granite,Granitoid suite,"Granite to syenite, diorite",0.119,2.712
4178,Jacobs,GeoMaud,1995/96,-71.833,9.7,E-Conrad Ridge,Metagranit mit viel Granat; 1 große Probe mehrere Bruchstücke,Granite,Granitoid suite,"Granite to syenite, diorite",0.07,2.655
4179,Jacobs,GeoMaud,1995/96,-71.833,9.7,E-Conrad Ridge,"Diskordanter, grauer, feinkörniger Granitgang weiter nördlich in der Bucht; mehrere Bruchstücke",Granite,Granitoid suite,"Granite to syenite, diorite",0.03,
4217,Jacobs,GeoMaud,1995/96,-71.75,10.33333,NE-Dallmannberge,Diskordanter Granitgang (Geochronologie),Granite,Granitoid suite,"Granite to syenite, diorite",0.1375,
4229,Jacobs,GeoMaud,1995/96,-71.533,9,"Nunatak Day, N´ Holtedahl; Henriksenskjera; von N nach S","Leukogranit, Ft-Probe, H: 1230 m",Granite,Granitoid suite,"Granite to syenite, diorite",3.334,2.619
4240,Jacobs,GeoMaud,1995/96,-72.002,8.858,S-Holtedahl,"Grobkörniger Granitstop, Ft-Probe, H: 2100 m",Granite,Granitoid suite,"Granite to syenite, diorite",0.19,
4250,Jacobs,GeoMaud,1995/96,-71.833,9.7,E-Conrad; Bucht S´ Charnockite Wall,Leukogranit mit Gt and Cord.,Granite,Granitoid suite,"Granite to syenite, diorite",0.114,2.608
4251,Jacobs,GeoMaud,1995/96,-71.833,9.7,E-Conrad; Bucht S´ Charnockite Wall,Leukogranit (Geochronologieprobe),Granite,Granitoid suite,"Granite to syenite, diorite",0.783,2.657
4329,Jacobs,GeoMaud,1995/96,-71.867,8.884,Holtedahl Mitte,Leucogranit mit Gt,Granite,Granitoid suite,"Granite to syenite, diorite",0.5111,
4538,Jacobs,GeoMaud,1995/96,-72.283,-3.81667,Pyramiden,"Granite?, Syenit? JFT 950 m",Granite,Granitoid suite,"Granite to syenite, diorite",5.515,
4570,Jacobs,"GeoMaud 2, NARP",1999/2000,-72.117,3.7,"W-Mühlig-Hofmann-Gebirge; Sedimentaufschlüsse im SW, AS17","spotted granite dyke, Petro",Granite,Granitoid suite,"Granite to syenite, diorite",0.115,2.663
4580,Jacobs,"GeoMaud 2, NARP",1999/2000,-72.117,3.7,"W-Mühlig-Hofmann-Gebirge; Metasediment-Ridge, AS17","Leukogranit (intrusiver Migmatit) mit einem weiteren Leukosom das Gt enthält, U/Pb, H=2060",Granite,Granitoid suite,"Granite to syenite, diorite",0.004,2.619
4588,Jacobs,"GeoMaud 2, NARP",1999/2000,-72.05,4.05,"W-Mühlig-Hofmann-Gebirge; Spota, AS20","mittelkörniger, rosafarbener Granit, U/Pb, H=1840, Ft",Granite,Granitoid suite,"Granite to syenite, diorite",2.329,2.624
4598,Jacobs,"GeoMaud 2, NARP",1999/2000,-72.017,3.95,"W-Mühlig-Hofmann-Gebirge; Hoggestabben, AS23","rot verwitternder Granitgang, ist sonst grau, Petro",Granite,Granitoid suite,"Granite to syenite, diorite",0.068,2.245
4601,Jacobs,"GeoMaud 2, NARP",1999/2000,-72.017,3.95,"W-Mühlig-Hofmann-Gebirge; Hoggestabben, AS23","Granit, porphyrisch, nahe Camp, rel. Xenolith-arm",Granite,Granitoid suite,"Granite to syenite, diorite",0.287,2.798
4609,Jacobs,"GeoMaud 2, NARP",1999/2000,-72.017,3.95,"W-Mühlig-Hofmann-Gebirge; Hoggestabben, Südbucht, AS24",feinkörnige Hoggestabben Granit-VarietŠt,Granite,Granitoid suite,"Granite to syenite, diorite",0.41,2.875
4640,Jacobs,"GeoMaud 2, NARP",1999/2000,-72.017,3.95,"W-Mühlig-Hofmann-Gebirge; Hoggestabben Nord, AS 23","Hoggestabben Granit, Petro",Granite,Granitoid suite,"Granite to syenite, diorite",0.24,2.735
4658,Jacobs,"GeoMaud 2, NARP",1999/2000,-71.967,3.26667,"Gygra-NW, AS12","Granitgang, ca. 30 m mächtig, U/Pb, H=1570",Granite,Granitoid suite,"Granite to syenite, diorite",0.052,2.633
DML 401 H,Laufer,DFG Geological Expedition To Central DML Antarctica,,-72.042,3.898,W-Seite Vedskalen,undef. Granit (G2),Granite,Granitoid suite,"Granite to syenite, diorite",0.0302,2.574074074
DML 601 B,Laufer,DFG Geological Expedition To Central DML Antarctica,,-72.052,4.184,Stalstuten SE Flanke,Granit (leicht foliiert),Granite,Granitoid suite,"Granite to syenite, diorite",0.0298,2.570378151
NWR 105 ,Roland,"GeoMaud (Central Dronning Maud Land), 1995/96",1995/2080,-71.717,8.833,Arnesteinen,"grauer Syenit, Granit",Granite,Granitoid suite,"Granite to syenite, diorite",28.582,2.650106157
NWR 116 ,Roland,"GeoMaud (Central Dronning Maud Land), 1995/96",1995/2088,-71.809,10.457,Sherbakowa,Syenit. Granit,Granite,Granitoid suite,"Granite to syenite, diorite",0.3296,2.726956522
NWR 117 ,Roland,"GeoMaud (Central Dronning Maud Land), 1995/96",1995/2089,-71.809,10.457,Sherbakowa,Syenit. Granit,Granite,Granitoid suite,"Granite to syenite, diorite",0.3296,2.726956522
NWR 14 ,Roland,"GeoMaud (Central Dronning Maud Land), 1995/96",1995/2012,-71.833,9.7,Conrad Mountains,Bi-Granit,Granite,Granitoid suite,"Granite to syenite, diorite",0.542,2.670470756
NWR 152 ,Roland,"GeoMaud (Central Dronning Maud Land), 1995/96",1995/2093,-71.486,12.634,Ostl. Petermann Range,Granitgneis,Granite,Granitoid suite,"Granite to syenite, diorite",13.366,2.620975161
NWR 154 ,Roland,"GeoMaud (Central Dronning Maud Land), 1995/96",1995/2095,-71.486,12.634,Ostl. Petermann Range,grauer Granit / Syenit,Granite,Granitoid suite,"Granite to syenite, diorite",2.9096,2.630630631
NWR 155 ,Roland,"GeoMaud (Central Dronning Maud Land), 1995/96",1995/2096,-71.438,12.711,Petermann Range,Granit,Granite,Granitoid suite,"Granite to syenite, diorite",0.1022,2.635928144
NWR 159 ,Roland,"GeoMaud (Central Dronning Maud Land), 1995/96",1995/2100,-71.521,12.721,"Petermann Range, ""Castle""",grauer granit,Granite,Granitoid suite,"Granite to syenite, diorite",29.588,2.652941176
NWR 171 ,Roland,"GeoMaud (Central Dronning Maud Land), 1995/96",1995/2109,-72.14,11.516,Skerdshovden,Bi-Granit,Granite,Granitoid suite,"Granite to syenite, diorite",0.1958,2.69865096
NWR 172 ,Roland,"GeoMaud (Central Dronning Maud Land), 1995/96",1995/2110,-72.14,11.516,Skerdshovden,Bi-Granit,Granite,Granitoid suite,"Granite to syenite, diorite",0.2084,2.695619335
NWR 173 ,Roland,"GeoMaud (Central Dronning Maud Land), 1995/96",1995/2111,-72.131,11.663,Skerdshovden,Bi-Granit,Granite,Granitoid suite,"Granite to syenite, diorite",0.1526,2.667357943
NWR 180 ,Roland,"GeoMaud (Central Dronning Maud Land), 1995/96",1995/2117,-71.583,12.167,westl. Petermann Range,Bi-Granit,Granite,Granitoid suite,"Granite to syenite, diorite",0.0878,2.651048951
NWR 204 ,Roland/Wilfried,"GeoMaud (Central Dronning Maud Land), 1995/96",1995/2139,-71.319,12.8,Petermann Range,Granit,Granite,Granitoid suite,"Granite to syenite, diorite",22.448,2.654597701
NWR 50 ,Roland,"GeoMaud (Central Dronning Maud Land), 1995/96",1995/2027,-71.91,8.837,Holtedahl,Bi-Granit,Granite,Granitoid suite,"Granite to syenite, diorite",0.2986,2.725616292
NWR 52 ,Roland,"GeoMaud (Central Dronning Maud Land), 1995/96",1995/2029,-71.833,9,Holtedahl,Bi-Granit,Granite,Granitoid suite,"Granite to syenite, diorite",0.0582,2.635321101
NWR 66 ,Roland,"GeoMaud (Central Dronning Maud Land), 1995/96",1995/2038,-71.928,8.882,Holtedahl,Bi.-Grant,Granite,Granitoid suite,"Granite to syenite, diorite",0.171,2.661790267
NWR 99 ,Roland,"GeoMaud (Central Dronning Maud Land), 1995/96",1995/2074,-71.697,7.927,Steinsteinen,Granit,Granite,Granitoid suite,"Granite to syenite, diorite",0.457,2.593277311
4252,Jacobs,GeoMaud,1995/96,-71.833,9.7,E-Conrad; Bucht S´ Charnockite Wall,"Diskordanter Granodioritgang, nicht mehr charnockitisiert",Granodiorite,Granitoid suite,"Granite to syenite, diorite",0.1091,
4291,Jacobs,GeoMaud,1995/96,-71.9667,9.7,S´Conrad (Bjerkenuten); Gipfelbereich,Granodiorite Dyke im Augengneiss,Granodiorite,Granitoid suite,"Granite to syenite, diorite",0.4182,
4800,Jacobs,Heimefrontfjella,2000/01,-74.58334,-10.15833,"XU-Fjella, Storsvenfjellet, Campridge nach S","FAE2, Sollte sich heraustellen, dass nicht PA, dann Problem der XU-Fjella als PA überprägtes Sivorg TerraneDiskordanter, aber noch verformter Granodioritgang, Suzi-Nr.75=0,24, zeichnet sich durch ausgeprägte Foliation aus,",Granodiorite,Granitoid suite,"Granite to syenite, diorite",0.089,2.722
DML 501 ,Laufer,DFG Geological Expedition To Central DML Antarctica,,-72.004,3.983,Hoggestabben,Granodiorit (L),Granodiorite,Granitoid suite,"Granite to syenite, diorite",0.3118,2.771672772
4537,Jacobs,GeoMaud,1995/96,-72.283,-3.81667,Pyramiden,"Monzodiorit?, JFT 1000 m",Monzodiorite,Granitoid suite,"Granite to syenite, diorite",22.7,2.835
4295,Jacobs,GeoMaud,1995/96,-71.9667,9.7,S´Conrad (Bjerkenuten); Halbe Hanghöhe,Myl. Rhyolit direkt unterhalb des Ryoliths,Rhyolite,Granitoid suite,"Granite to syenite, diorite",0.2133,
4235,Jacobs,GeoMaud,1995/96,-71.533,9,"Nunatak Day, N´ Holtedahl; Henriksenskjera; von N nach S",Syenit,Syenite,Granitoid suite,"Granite to syenite, diorite",1.218,2.7
4282,Jacobs,GeoMaud,1995/96,-71.783,9.66667,Pettersenegga; S-Gipfel,"Syenitsill, Moräne",Syenite,Granitoid suite,"Granite to syenite, diorite",0.14,
4305,Jacobs,GeoMaud,1995/96,-71.833,9.7,Conrad Tonalite Valley,Syenit mit Titanit?,Syenite,Granitoid suite,"Granite to syenite, diorite",0.26,2.691
DML 2401 D,Laufer,DFG Geological Expedition To Central DML Antarctica,,-71.83,5.899,Kvitholten,Syenit,Syenite,Granitoid suite,"Granite to syenite, diorite",5.5806,2.704961832
DML 2501 B,Laufer,DFG Geological Expedition To Central DML Antarctica,,-71.83,5.899,Kvitholten,Syenit,Syenite,Granitoid suite,"Granite to syenite, diorite",0.1456,2.671586716
DML 901 A,Laufer,DFG Geological Expedition To Central DML Antarctica,,-71.837,6.602,Stauren,Scherzone in Syenit,Syenite,Granitoid suite,"Granite to syenite, diorite",0.1158,2.55078125
NWR 100 ,Roland,"GeoMaud (Central Dronning Maud Land), 1995/96",1995/2075,-71.697,7.927,Steinsteinen,"grauer, ?lterer Granit; Syenit",Syenite,Granitoid suite,"Granite to syenite, diorite",1.515666667,2.675675676
NWR 104 ,Roland,"GeoMaud (Central Dronning Maud Land), 1995/96",1995/2079,-71.697,7.927,Steinsteinen,r?tl. Granit; Xenolith. Syenit,Syenite,Granitoid suite,"Granite to syenite, diorite",10.4402,2.682029598
NWR 12 ,Roland,"GeoMaud (Central Dronning Maud Land), 1995/96",1995/2007,-71.691,9.654,Conrad Mountains,Syenit,Syenite,Granitoid suite,"Granite to syenite, diorite",0.2872,2.642975207
NWR 13 ,Roland,"GeoMaud (Central Dronning Maud Land), 1995/96",1995/2010,-71.691,9.654,Conrad Mountains,xenolith. Syenit,Syenite,Granitoid suite,"Granite to syenite, diorite",2.458,2.648091603
NWR 181 ,Roland,"GeoMaud (Central Dronning Maud Land), 1995/96",1995/2118,-71.717,12.203,Zwiesel,Syenitgang,Syenite,Granitoid suite,"Granite to syenite, diorite",7.5552,2.714733542
NWR 183 ,Roland,"GeoMaud (Central Dronning Maud Land), 1995/96",1995/2120,-71.717,12.117,Zwiesel,Granit,Syenite,Granitoid suite,"Granite to syenite, diorite",0.212,2.610717897
NWR 186 ,Roland,"GeoMaud (Central Dronning Maud Land), 1995/96",1995/2123,-71.69,12.599,Zwiesel,Syenit,Syenite,Granitoid suite,"Granite to syenite, diorite",8.0974,2.685
NWR 198 ,Roland,"GeoMaud (Central Dronning Maud Land), 1995/96",1995/2133,-71.654,12.515,Sudl. Schwarzhorn,Syenit,Syenite,Granitoid suite,"Granite to syenite, diorite",9.795,2.771013354
NWR 200 ,Roland,"GeoMaud (Central Dronning Maud Land), 1995/96",1995/2135,-71.384,12.506,westl. Petermann Range,Syenit,Syenite,Granitoid suite,"Granite to syenite, diorite",1.2382,2.732193732
NWR 201 ,Roland,"GeoMaud (Central Dronning Maud Land), 1995/96",1995/2136,-71.384,12.506,westl. Petermann Range,Syenit,Syenite,Granitoid suite,"Granite to syenite, diorite",0.459,2.842
NWR 208 ,Roland,"GeoMaud (Central Dronning Maud Land), 1995/96",1995/2143,-71.565,12.646,Schwarzhorn,Syenit,Syenite,Granitoid suite,"Granite to syenite, diorite",0.2028,2.678995434
NWR 27 ,Roland,"GeoMaud (Central Dronning Maud Land), 1995/96",1995/2015,-71.887,9.037,Holtedahl,Syenit Gang,Syenite,Granitoid suite,"Granite to syenite, diorite",8.32,2.715217391
NWR 28 ,Roland,"GeoMaud (Central Dronning Maud Land), 1995/96",1995/2016,-71.887,9.037,Holtedahl,Syenit Gang,Syenite,Granitoid suite,"Granite to syenite, diorite",1.111,2.69761236
NWR 36 ,Roland,"GeoMaud (Central Dronning Maud Land), 1995/96",1995/2020,-71.898,9.03,Holtedahl,Syenit,Syenite,Granitoid suite,"Granite to syenite, diorite",1.1276,2.663468635
NWR 43 ,Roland,"GeoMaud (Central Dronning Maud Land), 1995/96",1995/2023,-71.925,9.181,Holtedahl,Syenit,Syenite,Granitoid suite,"Granite to syenite, diorite",0.116,2.627749577
NWR 44 ,Roland,"GeoMaud (Central Dronning Maud Land), 1995/96",1995/2024,-71.925,9.181,Holtedahl,Syenit,Syenite,Granitoid suite,"Granite to syenite, diorite",0.8722,2.733754513
NWR 7 ,Roland,"GeoMaud (Central Dronning Maud Land), 1995/96",1995/2001,-71.833,9.7,Conrad Mountains,"dioritisches Gestein, ?berlagert von Syenit",Syenite,Granitoid suite,"Granite to syenite, diorite",0.2032,2.708652374
NWR 90 ,Roland,"GeoMaud (Central Dronning Maud Land), 1995/96",1995/2065,-71.83,8.92,Holtedahl,Syenit,Syenite,Granitoid suite,"Granite to syenite, diorite",8.786,2.620711974
NWR 91 ,Roland,"GeoMaud (Central Dronning Maud Land), 1995/96",1995/2066,-71.697,7.927,Steinsteinen,Syenit,Syenite,Granitoid suite,"Granite to syenite, diorite",2.9652,2.730647482
NWR 92 ,Roland,"GeoMaud (Central Dronning Maud Land), 1995/96",1995/2067,-71.697,7.927,Steinsteinen,Syenit,Syenite,Granitoid suite,"Granite to syenite, diorite",0.7184,2.732038236
NWR 94 ,Roland,"GeoMaud (Central Dronning Maud Land), 1995/96",1995/2069,-71.697,7.927,Steinsteinen,Syenitgang,Syenite,Granitoid suite,"Granite to syenite, diorite",0.2692,2.678516229
NWR 95 ,Roland,"GeoMaud (Central Dronning Maud Land), 1995/96",1995/2070,-71.697,7.927,Steinsteinen,"Syenit, grauer ?lterer Granit",Syenite,Granitoid suite,"Granite to syenite, diorite",0.2692,2.678516229
NWR 109 ,Roland,"GeoMaud (Central Dronning Maud Land), 1995/96",1995/2083,-71.633,8.433,Drygalskifjella,Grauer Syenit Granit; Diorit,Syenite - Granite,Granitoid suite,"Granite to syenite, diorite",0.1112,2.65862069
NWR 157 ,Roland,"GeoMaud (Central Dronning Maud Land), 1995/96",1995/2098,-71.521,12.721,"Petermann Range, ""Castle""",Syenogranit / r?tl. Ganit,Syenite - Granite,Granitoid suite,"Granite to syenite, diorite",0.5374,2.725237829
NWR 161 ,Roland/Wilfried,"GeoMaud (Central Dronning Maud Land), 1995/96",1995/2102,-71.485,12.44,mittlere Petermann Range,grauer Syenit/Granit (Gang),Syenite - Granite,Granitoid suite,"Granite to syenite, diorite",0.1202,2.627586207
NWR 162 ,Roland,"GeoMaud (Central Dronning Maud Land), 1995/96",1995/2103,-71.438,12.711,"Petermann Range, ""Castle""",Syenit Granit,Syenite - Granite,Granitoid suite,"Granite to syenite, diorite",0.256,2.738224638
NWR 164 ,Roland,"GeoMaud (Central Dronning Maud Land), 1995/96",1995/2105,-71.476,12.756,mittlere Johansonhorna,grauer granit / Syenitgranit,Syenite - Granite,Granitoid suite,"Granite to syenite, diorite",1.1565,2.887972509
NWR 166 ,Roland,"GeoMaud (Central Dronning Maud Land), 1995/96",1995/2107,-71.476,12.756,mittlere Johansonhorna,"Pegmatit, Gang / Syenogranit",Syenite - Granite,Granitoid suite,"Granite to syenite, diorite",0.4832,2.576842105
NWR 167 ,Roland,"GeoMaud (Central Dronning Maud Land), 1995/96",1995/2108,-71.476,12.756,mittlere Johansonhorna,foliierter Dioryt / Syenogranit,Syenite - Granite,Granitoid suite,"Granite to syenite, diorite",1.8268,2.62943072
NWR 175 ,Roland,"GeoMaud (Central Dronning Maud Land), 1995/96",1995/2112,-71.859,12.143,Skerdshovden,Bi-Granit / Syenit,Syenite - Granite,Granitoid suite,"Granite to syenite, diorite",0.2698,2.671644975
NWR 185 ,Roland,"GeoMaud (Central Dronning Maud Land), 1995/96",1995/2122,-71.69,12.599,Zwiesel,Syenit,Syenite - Granite,Granitoid suite,"Granite to syenite, diorite",2.8602,2.746415094
NWR 190 ,Roland,"GeoMaud (Central Dronning Maud Land), 1995/96",1995/2126,-71.654,12.515,Sudl. Schwarzhorn,Syenitischer Granit,Syenite - Granite,Granitoid suite,"Granite to syenite, diorite",9.1254,2.695372751
NWR 191 ,Roland,"GeoMaud (Central Dronning Maud Land), 1995/96",1995/2127,-71.654,12.515,Sudl. Schwarzhorn,Syenitischer Granit,Syenite - Granite,Granitoid suite,"Granite to syenite, diorite",29.414,2.684684685
NWR 196 ,Roland,"GeoMaud (Central Dronning Maud Land), 1995/96",1995/2131,-71.654,12.515,Sudl. Schwarzhorn,Grauer Syenit? / Granit,Syenite - Granite,Granitoid suite,"Granite to syenite, diorite",1.111333333,2.611716621
NWR 197 ,Roland,"GeoMaud (Central Dronning Maud Land), 1995/96",1995/2132,-71.654,12.515,Sudl. Schwarzhorn,roter Granit / Syenit,Syenite - Granite,Granitoid suite,"Granite to syenite, diorite",2.331,2.912515964
NWR 202 ,Roland,"GeoMaud (Central Dronning Maud Land), 1995/96",1995/2137,-71.458,12.564,westl. Petermann Range,Syenit-Granit,Syenite - Granite,Granitoid suite,"Granite to syenite, diorite",0.0338,2.591595535
NWR 209 ,Roland,"GeoMaud (Central Dronning Maud Land), 1995/96",1995/2144,-71.517,12.529,Schwarzhorn,rosa Granit / Syenit,Syenite - Granite,Granitoid suite,"Granite to syenite, diorite",0.106,2.627414903
NWR 89 ,Roland,"GeoMaud (Central Dronning Maud Land), 1995/96",1995/2064,-71.83,8.92,Holtedahl,Syenit. Granit,Syenite - Granite,Granitoid suite,"Granite to syenite, diorite",7.62,2.617864924
4277,Jacobs,GeoMaud,1995/96,-71.833,9.7,Conrad Summit,"Tonalit, H: 2970 m",Tonalite,Granitoid suite,"Granite to syenite, diorite",0.716,2.723
4278,Jacobs,GeoMaud,1995/96,-71.833,9.7,Conrad Summit,"Tonalit, H: 2740 m",Tonalite,Granitoid suite,"Granite to syenite, diorite",0.5,
4302,Jacobs,GeoMaud,1995/96,-71.833,9.7,Conrad Tonalite Valley,"Low-strain Tonalit (Opx?), Geochron",Tonalite,Granitoid suite,"Granite to syenite, diorite",0.4,
4279,Jacobs,GeoMaud,1995/96,-71.783,9.66667,Pettersenegga; S-Gipfel,"Augengneiss; Geochronologie, H: 2360 m",Augengneiss,Suite of metamorphic rocks,Metasedimentary rocks,0.171428571,
4290,Jacobs,GeoMaud,1995/96,-71.9667,9.7,S´Conrad (Bjerkenuten); Gipfelbereich,Augengneiss,Augengneiss,Suite of metamorphic rocks,Metasedimentary rocks,0.1375,
4292,Jacobs,GeoMaud,1995/96,-71.9667,9.7,S´Conrad (Bjerkenuten); Gipfelbereich,"Augengneiss (Geochronologie: SHRIMP), H: 2700 m",Augengneiss,Suite of metamorphic rocks,Metasedimentary rocks,0.16,2.656
4556,Jacobs,"GeoMaud 2, NARP",1999/2000,-71.983,2.86667,"Armlenet, AS13","mylonitischer Augengneis, U/Pb, H=1820",Augengneiss,Suite of metamorphic rocks,Metasedimentary rocks,0.142,2.643
4559,Jacobs,"GeoMaud 2, NARP",1999/2000,-72.05,3.16667,"Risemedet, 4. Campsporn, AS14,15","Augengneis, nicht migmatisch, Sheet-like, AS15, U/Pb, H=1560",Augengneiss,Suite of metamorphic rocks,Metasedimentary rocks,0.033,2.633
4648,Jacobs,"GeoMaud 2, NARP",1999/2000,-72.05,3.16667,"Risemedet, Südsporn, AS9","Augengneis, migmatisch, U/Pb",Augengneiss,Suite of metamorphic rocks,Metasedimentary rocks,0.146,2.668
4849,Jacobs,Heimefrontfjella,2000/01,-74.36667,-9.70833,Hasselknippenova,mylonitischer Augengneis (orientierte Probe; oben),Augengneiss,Suite of metamorphic rocks,Metasedimentary rocks,0.088,2.7
3,Helferich,Südafrikanische Dronning Maud Land Expedition,1997/98,-74.05028,-6.33333,Nunatak 700 m NE Polaris Ridge,mylonitischer Gneis,Gneiss,Suite of metamorphic rocks,Metasedimentary rocks,0.01,2.606
11,Helferich,Südafrikanische Dronning Maud Land Expedition,1997/98,-74.06861,-6.15139,Concretion Point,mylonitischer Gneis,Gneiss,Suite of metamorphic rocks,Metasedimentary rocks,0.033,2.356
18,Helferich,Südafrikanische Dronning Maud Land Expedition,1997/98,-74.06667,-5.73333,Ladfjella,Fsp-Gneis,Gneiss,Suite of metamorphic rocks,Metasedimentary rocks,0.71,2.677
30,Helferich,Südafrikanische Dronning Maud Land Expedition,1997/98,-74.03528,-5.61806,Ladgavlen,Fsp-Gneis,Gneiss,Suite of metamorphic rocks,Metasedimentary rocks,2.269,2.698
50,Helferich,Südafrikanische Dronning Maud Land Expedition,1997/98,-74.08389,-6.30139,Frostbite Bluff,mylonitischer Gneis,Gneiss,Suite of metamorphic rocks,Metasedimentary rocks,0.027,2.402
57,Helferich,Südafrikanische Dronning Maud Land Expedition,1997/98,-73.93583,-5.3,"Nunatak 1,6 km S´ Uven",Gneis,Gneiss,Suite of metamorphic rocks,Metasedimentary rocks,0.16,2.672
105,Helferich,Südafrikanische Dronning Maud Land Expedition,1997/98,-73.38333,-3.61667,W´ Ende Tverregga,"""Banded Gneis""",Gneiss,Suite of metamorphic rocks,Metasedimentary rocks,0.243,2.811
154,Helferich,Südafrikanische Dronning Maud Land Expedition,1997/98,-74.05083,-6.36667,Polaris Ridge Ost,mylonitischer Gneis,Gneiss,Suite of metamorphic rocks,Metasedimentary rocks,0.016,2.577
4181,Jacobs,GeoMaud,1995/96,-71.833,9.7,E-Conrad Ridge,Mafisches Band in granitischem Gneiss; 2-Pyx-Granulit ?,Gneiss,Suite of metamorphic rocks,Metasedimentary rocks,0.555,
4182,Jacobs,GeoMaud,1995/96,-71.833,9.7,E-Conrad Ridge,Mafisches Band in granitischem Gneiss; 2-Pyx-Granulit ?,Gneiss,Suite of metamorphic rocks,Metasedimentary rocks,0.41,
4196,Jacobs,GeoMaud,1995/96,-71.75,10.33333,Camp Richtung Aufschlüsse im Dallmann,Leukokrater Bio-Gneiss (Metagranit?) mit viel Gt,Gneiss,Suite of metamorphic rocks,Metasedimentary rocks,0.4,
4206,Jacobs,GeoMaud,1995/96,-71.833,9.7,Conrad Gipfel,Granitischer Gneiss: H: 2460 m,Gneiss,Suite of metamorphic rocks,Metasedimentary rocks,0.14,
4208,Jacobs,GeoMaud,1995/96,-71.833,9.7,Conrad Gipfel,Granitischer Gneiss: H: 2750 m,Gneiss,Suite of metamorphic rocks,Metasedimentary rocks,0.202,2.698
4270,Jacobs,GeoMaud,1995/96,-71.953,9.389,"Kurze, Mitte",Mafisches Band (Bio-Plag Gneiss) in Tonalit (Xenolith?) Petrologie,Gneiss,Suite of metamorphic rocks,Metasedimentary rocks,15.5429,
4296,Jacobs,GeoMaud,1995/96,-71.9667,9.7,S´Conrad (Bjerkenuten); Halbe Hanghöhe,"0.5 m unterhalb 1739, Mylonit mit Hbl-Klasten, vermutlich Äquivalent von Hbl-Gneiss",Gneiss,Suite of metamorphic rocks,Metasedimentary rocks,0.3,
4312,Jacobs,GeoMaud,1995/96,-71.8,10.5,Serbakova Nord,Hbl-Gneiss mit unbekanntem braunen Mineral,Gneiss,Suite of metamorphic rocks,Metasedimentary rocks,0.7909,
4313,Jacobs,GeoMaud,1995/96,-71.8,10.5,Serbakova Nord,Qz-Fsp-Gt Gneiss mit besonders starken Lineation,Gneiss,Suite of metamorphic rocks,Metasedimentary rocks,1.7313,
4314,Jacobs,GeoMaud,1995/96,-71.8,10.5,Serbakova Nord,Gt-Epi?-Fsp Gneiss mit starker mylonitischer? Foliation,Gneiss,Suite of metamorphic rocks,Metasedimentary rocks,1.2267,
4331,Jacobs,GeoMaud,1995/96,-71.867,8.884,Zentral Holtedahl,"Leukokrater Gneiss, mit Cord?",Gneiss,Suite of metamorphic rocks,Metasedimentary rocks,0.54,
4333,Jacobs,GeoMaud,1995/96,-71.867,8.884,Zentral Holtedahl,relativ schwach deformierter grauer Gneiss,Gneiss,Suite of metamorphic rocks,Metasedimentary rocks,0.6625,
4354,Jacobs,GeoMaud,1995/96,-71.75,10.33333,Dallmann Ost,"Grobkörniger Augengneiss mit wenig Gt, stark verfaltet; Geochronologie",Gneiss,Suite of metamorphic rocks,Metasedimentary rocks,0.45,2.666
4356,Jacobs,GeoMaud,1995/96,-71.75,10.33333,Dallmann Top,"leukokrater Gneiss, vermutlich partiell aufgeschmolzener MV; FT 2530 m",Gneiss,Suite of metamorphic rocks,Metasedimentary rocks,13.377,2.566
4568,Jacobs,"GeoMaud 2, NARP",1999/2000,-72.117,3.7,"W-Mühlig-Hofmann-Gebirge; Sedimentaufschlüsse im SW, AS17","Bio-Gneis, W' Hangabschnitt",Gneiss,Suite of metamorphic rocks,Metasedimentary rocks,0.15,2.744
4578,Jacobs,"GeoMaud 2, NARP",1999/2000,-72.05,3.93333,"W-Mühlig-Hofmann-Gebirge; Schmaler Kamm südl. Charnockiten, Vedksoten, AS18",Sill-Gneis,Gneiss,Suite of metamorphic rocks,Metasedimentary rocks,0.346,2.848
4610,Jacobs,"GeoMaud 2, NARP",1999/2000,-72.05,3.16667,"Risemedet, 1. Campsporn, AS4","grobkörniger, rel. schwach deformierter Augengneis",Gneiss,Suite of metamorphic rocks,Metasedimentary rocks,0.108,2.69
4613,Jacobs,"GeoMaud 2, NARP",1999/2000,-72.05,3.16667,"Risemedet, 1. Campsporn, AS4",massives Leukosom aus grauem Gneis am vorderen Campsporn,Gneiss,Suite of metamorphic rocks,Metasedimentary rocks,0.008,2.617
4626,Jacobs,"GeoMaud 2, NARP",1999/2000,-72.05,3.16667,"Risemedet, 3. Campsporn, AS6",migmatischer grauer Gneis,Gneiss,Suite of metamorphic rocks,Metasedimentary rocks,0.045,2.614
4629,Jacobs,"GeoMaud 2, NARP",1999/2000,-72.05,3.16667,"Risemedet, 3. Campsporn, AS6","Gt-Gneis, Geochron.",Gneiss,Suite of metamorphic rocks,Metasedimentary rocks,0.016,2.6
4654,Jacobs,"GeoMaud 2, NARP",1999/2000,-71.983,2.86667,"Armlenet, AS10","sehr schönes Typstück für grauer migmatischer Gneis, U/Pb",Gneiss,Suite of metamorphic rocks,Metasedimentary rocks,0.079,2.709
4656,Jacobs,"GeoMaud 2, NARP",1999/2000,-71.983,2.86667,"Armlenet, Pseudosedimente, AS11","Felsischer Gneis auf Rückweg, möglicherweise auch Metavulkanit, H=1550",Gneiss,Suite of metamorphic rocks,Metasedimentary rocks,0.1,2.665
4669,Jacobs,Heimefrontfjella,1994,-74.56,-10.03333,XU-Fjella,garnetiferous grey gneiss (granite intrusion?),Gneiss,Suite of metamorphic rocks,Metasedimentary rocks,0.024,2.643
4722,Jacobs,Heimefrontfjella,1994,-74.28333,-9.6,Laudalkammen,"Bio-Fsp-gneisses, as thin bands inbetween grey tonalitic gneisses: Weber Fm.",Gneiss,Suite of metamorphic rocks,Metasedimentary rocks,0.099,2.736
4732,Jacobs,Heimefrontfjella,1994,-74.3,-9.73333,Burasbotnen SE-Face,"grey gneisses, gritty, tuffs?, 2 foliations developed, shallower is younger (Pan-African?); (s:30.170 ob.)",Gneiss,Suite of metamorphic rocks,Metasedimentary rocks,0.069,2.697
4733,Jacobs,Heimefrontfjella,1994,-74.3,-9.73333,Burasbotnen SE-Face,ultramylonitic Katergneiss,Gneiss,Suite of metamorphic rocks,Metasedimentary rocks,0.198,2.772
4789,Jacobs,Heimefrontfjella,2000/01,-74.28333,-9.6,S-Laudalkammen auf Leabotnenseite,"sehr Mt-haltiger felsischer Hbl-Plag.-Gneis, Petro, Suzi-Nr. 240=132",Gneiss,Suite of metamorphic rocks,Metasedimentary rocks,88.908,2.841
4798,Jacobs,Heimefrontfjella,2000/01,-74.41167,-10.04167,W' Krogh-Johansenberga,"Felsischer Gneis mit 2 Leukososmen, SuziNr.62=5,74, Geochron (KB116)",Gneiss,Suite of metamorphic rocks,Metasedimentary rocks,4.215,2.638
4803,Jacobs,Heimefrontfjella,2000/01,-74.58334,-10.15833,"XU-Fjella, Storsvenfjellet, Campridge nach S","Hbl-Bio-Plag Gneis, S' von S1-14 anstehend",Gneiss,Suite of metamorphic rocks,Metasedimentary rocks,0.208,2.85
4815,Jacobs,Heimefrontfjella,2000/01,-74.53,-9.96667,Borchjonsenuten,"Felsischer Gneis, Suzi-Nr.116=64,9",Gneiss,Suite of metamorphic rocks,Metasedimentary rocks,41.426,2.641
4819,Jacobs,Heimefrontfjella,2000/01,-74.42406,-9.92393,Trapezberg,"Felsischer Gneis, MV, Suzi=50,0, Geochronologie (KB109)",Gneiss,Suite of metamorphic rocks,Metasedimentary rocks,52.244,2.652
4827,Jacobs,Heimefrontfjella,2000/01,-74.73167,-11.43333,Malmrusta,"Granodiorit-Gneis, vom Kammende, Geochron., Suzi-Nr.189=0,64",Gneiss,Suite of metamorphic rocks,Metasedimentary rocks,0.64,
4843,Jacobs,Heimefrontfjella,2000/01,-74.39167,-9.68333,Haneborg-Hansenveggen (südlicher Aufschlussbereich),"Sil-Gneis mit Gt, Petro., Suzi-Nr. 322=1,69",Gneiss,Suite of metamorphic rocks,Metasedimentary rocks,1.502,2.727
4844,Jacobs,Heimefrontfjella,2000/01,-74.39167,-9.68333,Haneborg-Hansenveggen (südlicher Aufschlussbereich),"Migmatischer Gt-Gneis (Metatuffit?), Suzi-Nr. 324=39,4",Gneiss,Suite of metamorphic rocks,Metasedimentary rocks,39.4,
4846,Jacobs,Heimefrontfjella,2000/01,-74.39167,-9.68333,Haneborg-Hansenveggen (südlicher Aufschlussbereich),"Pink felsic gneiss, sehr frisch, ohne Inklusionen, Suzi-Nr.328=29,2",Gneiss,Suite of metamorphic rocks,Metasedimentary rocks,29,2.623
DML 1001 A,Laufer,DFG Geological Expedition To Central DML Antarctica,,-71.725,7.043,Gneis-Nunatak E Jaren,Pgneis-Miggneis,Gneiss,Suite of metamorphic rocks,Metasedimentary rocks,0.45,2.605300353
DML 1001 B,Laufer,DFG Geological Expedition To Central DML Antarctica,,-71.725,7.043,Gneis-Nunatak E Jaren,Gt-Bio-Pgneis,Gneiss,Suite of metamorphic rocks,Metasedimentary rocks,1.52,2.577857143
DML 1501 A,Laufer,DFG Geological Expedition To Central DML Antarctica,,-71.945,7.7,Klevekampen,"""Layered Gneiss""",Gneiss,Suite of metamorphic rocks,Metasedimentary rocks,0.1186,2.722064663
DML 1501 A,Laufer,DFG Geological Expedition To Central DML Antarctica,,-71.945,7.7,Klevekampen,"""Layered Gneiss""",Gneiss,Suite of metamorphic rocks,Metasedimentary rocks,0.2546,2.653225806
DML 1601 A,Laufer,DFG Geological Expedition To Central DML Antarctica,,-71.935,7.653,W of Klevekampen,Mylo in Gneis SZ1,Gneiss,Suite of metamorphic rocks,Metasedimentary rocks,0.11,2.665137615
DML 1701 A,Laufer,DFG Geological Expedition To Central DML Antarctica,,-71.969,7.177,S-Ende von Trollslottet,Scherzone in Pgneis-Partie,Gneiss,Suite of metamorphic rocks,Metasedimentary rocks,0.209,2.755555556
DML 2101 ,Laufer,DFG Geological Expedition To Central DML Antarctica,,-71.983,7.583,Filchnerfjella Großfalte,Gt-Sill-±Cord-Gneis,Gneiss,Suite of metamorphic rocks,Metasedimentary rocks,0.1182,2.662364481
4298,Jacobs,GeoMaud,1995/96,-71.75,6.88333,E Mühlig-Hoffmann Gebirge; Nunatak E´Storkvarvet,"granitischer Gneiss, Ft-Probe, H: 1450 m",Granite - Gneiss,Suite of metamorphic rocks,Metasedimentary rocks,7.935,2.654
NWR 5 ,Roland,"GeoMaud (Central Dronning Maud Land), 1995/96",1995/2000,-70.733,11.667,Schirmacher Oase,Granulit,Granulite,Suite of metamorphic rocks,Metasedimentary rocks,0.3466,2.717321473
91,Helferich,Südafrikanische Dronning Maud Land Expedition,1997/98,-73.38333,-3.61667,W´ Ende Tverregga,Grünschiefer,Greenschist,Suite of metamorphic rocks,Metasedimentary rocks,2.935,2.857
348,Kleinschmidt,Südafrikanische Dronning Maud Land Expedition,1997/98,-74.05083,-6.30417,Sekonden Nunatak,Grünschiefer,Greenschist,Suite of metamorphic rocks,Metasedimentary rocks,0.386,2.991
4311,Jacobs,GeoMaud,1995/96,-71.8,10.5,Serbakova Nord,Marmor,Marble,Suite of metamorphic rocks,Metasedimentary rocks,0.1455,2.899
26,Helferich,Südafrikanische Dronning Maud Land Expedition,1997/98,-73.9675,-5.8,Gavlpiggen,met. Quarzit,Meta Quarzit,Suite of metamorphic rocks,Metasedimentary rocks,0,2.645
4328,Jacobs,GeoMaud,1995/96,-71.867,8.884,Holtedahl Mitte,"grauer, migmatitischer Gneiss",Migmatic Gneiss,Suite of metamorphic rocks,Metasedimentary rocks,0.5,
DML 1301 B,Laufer,DFG Geological Expedition To Central DML Antarctica,,-71.946,7.398,Kubus,Heller Migmgneis,Migmatic Gneiss,Suite of metamorphic rocks,Metasedimentary rocks,0.0322,2.6075
DML 1301 C,Laufer,DFG Geological Expedition To Central DML Antarctica,,-71.946,7.398,Kubus,Restit-Lage in Migmgneis,Migmatic Gneiss,Suite of metamorphic rocks,Metasedimentary rocks,0.0652,2.61955836
DML 1301 E,Laufer,DFG Geological Expedition To Central DML Antarctica,,-71.946,7.398,Kubus,Restit-Lage in Migmgneis,Migmatic Gneiss,Suite of metamorphic rocks,Metasedimentary rocks,0.2392,2.729213483
DML 1901 A,Laufer,DFG Geological Expedition To Central DML Antarctica,,-71.979,7.236,NW Ende Filchnerfjella ,MigmGneis,Migmatic Gneiss,Suite of metamorphic rocks,Metasedimentary rocks,0.1458,2.646578366
DML 2301 ,Laufer,DFG Geological Expedition To Central DML Antarctica,,-71.936,8.377,"Fenristung SE ""peak 2455""",migmat. Gneis,Migmatic Gneiss,Suite of metamorphic rocks,Metasedimentary rocks,0.9686,2.581910352
4247,Jacobs,GeoMaud,1995/96,-71.833,9.7,Unteres Ft-Profil am Conrad,"Orthogneiss, Ft-Probe, H: 2100 m",Orthogneiss,Suite of metamorphic rocks,Metasedimentary rocks,0.461,3.049
4310,Jacobs,GeoMaud,1995/96,-71.8,10.5,Serbakova Mitte,"Orthogneiss, Geochron, H: 2150 m",Orthogneiss,Suite of metamorphic rocks,Metasedimentary rocks,0.13,2.616
4293,Jacobs,GeoMaud,1995/96,-71.9667,9.7,S´Conrad (Bjerkenuten); Halbe Hanghöhe,"Orthogneis? , Augengneis, Ft-Probe, H: 2640 m",Orthogneiss,Suite of metamorphic rocks,Metasedimentary rocks,0.5632,
4327,Jacobs,GeoMaud,1995/96,-71.95,8.4,"Süd-Drygalski (Mundlauga), Nunatak unmittelbar südlich des südlichen Syenitkontakts",Orthogneiss,Orthogneiss,Suite of metamorphic rocks,Metasedimentary rocks,0.5118,
4813,Jacobs,Heimefrontfjella,2000/01,-74.56,-10.05,"Rasmusenegga, Dallknatten","Augengneis, Orthogneis",Orthogneiss,Suite of metamorphic rocks,Metasedimentary rocks,0.153,2.734
4621,Jacobs,"GeoMaud 2, NARP",1999/2000,-72.05,3.16667,"Risemedet, 2. Campsporn, AS5",Parageneiss aus bunter Serie,Paragneiss,Suite of metamorphic rocks,Metasedimentary rocks,0.085,2.646
DML 1001 H,Laufer,DFG Geological Expedition To Central DML Antarctica,,-71.725,7.043,Gneis-Nunatak E Jaren,gt-P-Gneis,Paragneiss,Suite of metamorphic rocks,Metasedimentary rocks,0.1554,2.62785114
DML 1801 B,Laufer,DFG Geological Expedition To Central DML Antarctica,,-71.969,7.177,S-Ende von Trollslottet,Scherzone in Pgneis-Partie,Paragneiss,Suite of metamorphic rocks,Metasedimentary rocks,0.1378,2.63715415
DML 1801 C,Laufer,DFG Geological Expedition To Central DML Antarctica,,-71.969,7.177,S-Ende von Trollslottet,Pgneis,Paragneiss,Suite of metamorphic rocks,Metasedimentary rocks,0.2212,2.581885856
DML 1901 B,Laufer,DFG Geological Expedition To Central DML Antarctica,,-71.979,7.236,NW Ende Filchnerfjella ,Pgneis-Lage in MigmGneis,Paragneiss,Suite of metamorphic rocks,Metasedimentary rocks,0.0598,2.629032258
DML 201 ,Laufer,DFG Geological Expedition To Central DML Antarctica,,-72.034,3.975,Vedskalen,Gt-Bio-Pgneis,Paragneiss,Suite of metamorphic rocks,Metasedimentary rocks,0.1356,2.69669475
DML 201 A,Laufer,DFG Geological Expedition To Central DML Antarctica,,-72.034,3.975,Vedskalen,Gt-Bio-Pgneis,Paragneiss,Suite of metamorphic rocks,Metasedimentary rocks,0.113,2.675287356
DML 201 B,Laufer,DFG Geological Expedition To Central DML Antarctica,,-72.034,3.975,Vedskalen,Gt-Bio-Pgneis,Paragneiss,Suite of metamorphic rocks,Metasedimentary rocks,0.0068,2.590070922
DML 2201 C,Laufer,DFG Geological Expedition To Central DML Antarctica,,-71.965,7.368,"Großer ""schwarzer Zug"" in N-Flanke Filchnerfjella ",Sill-Cord-Gt-Pgneis,Paragneiss,Suite of metamorphic rocks,Metasedimentary rocks,0.2812,2.815517241
DML 2201 D,Laufer,DFG Geological Expedition To Central DML Antarctica,,-71.965,7.368,"Großer ""schwarzer Zug"" in N-Flanke Filchnerfjella ",Sill-Cord-Gt-Pgneis,Paragneiss,Suite of metamorphic rocks,Metasedimentary rocks,0.2542,2.791489362
DML 2201 E,Laufer,DFG Geological Expedition To Central DML Antarctica,,-71.965,7.368,"Großer ""schwarzer Zug"" in N-Flanke Filchnerfjella ",Sill-Cord-Gt-Pgneis,Paragneiss,Suite of metamorphic rocks,Metasedimentary rocks,,
DML 401 A,Laufer,DFG Geological Expedition To Central DML Antarctica,,-72.042,3.898,W-Seite Vedskalen,Gt-Bio-Pgneis,Paragneiss,Suite of metamorphic rocks,Metasedimentary rocks,0.154,2.703603604
DML 401 B,Laufer,DFG Geological Expedition To Central DML Antarctica,,-72.042,3.898,W-Seite Vedskalen,Gt-Bio-Pgneis,Paragneiss,Suite of metamorphic rocks,Metasedimentary rocks,,
DML 401 C,Laufer,DFG Geological Expedition To Central DML Antarctica,,-72.042,3.898,W-Seite Vedskalen,Gt-Bio-Pgneis,Paragneiss,Suite of metamorphic rocks,Metasedimentary rocks,0.307,2.728630705
DML 401 D,Laufer,DFG Geological Expedition To Central DML Antarctica,,-72.042,3.898,W-Seite Vedskalen,Gt-Bio-Pgneis,Paragneiss,Suite of metamorphic rocks,Metasedimentary rocks,,
DML 401 F,Laufer,DFG Geological Expedition To Central DML Antarctica,,-72.042,3.898,W-Seite Vedskalen,Gt-Bio-Pgneis,Paragneiss,Suite of metamorphic rocks,Metasedimentary rocks,0.0048,2.475806452
DML 401 G,Laufer,DFG Geological Expedition To Central DML Antarctica,,-72.042,3.898,W-Seite Vedskalen,Gt-Bio-Pgneis,Paragneiss,Suite of metamorphic rocks,Metasedimentary rocks,,
52,Helferich,Südafrikanische Dronning Maud Land Expedition,1997/98,-73.93528,-5.3,"Nunatak 1,2 km S´ Uven",deformierter Granit,Quarzite,Suite of metamorphic rocks,Metasedimentary rocks,0.478,2.634
53,Helferich,Südafrikanische Dronning Maud Land Expedition,1997/98,-73.93528,-5.3,"Nunatak 1,2 km S´ Uven",deformierter Quarzit,Quarzite,Suite of metamorphic rocks,Metasedimentary rocks,0.055,2.671
55,Helferich,Südafrikanische Dronning Maud Land Expedition,1997/98,-73.93583,-5.3,"Nunatak 1,6 km S´ Uven",metam. Quarzit,Quarzite,Suite of metamorphic rocks,Metasedimentary rocks,0.226,2.664
104,Helferich,Südafrikanische Dronning Maud Land Expedition,1997/98,-73.38333,-3.61667,W´ Ende Tverregga,Quarzit,Quarzite,Suite of metamorphic rocks,Metasedimentary rocks,0.014,2.582
106,Helferich,Südafrikanische Dronning Maud Land Expedition,1997/98,-73.83472,-5.31667,Utrinden,quarzit. Sandstein,Quarzite,Suite of metamorphic rocks,Metasedimentary rocks,0.005,2.669
112,Helferich,Südafrikanische Dronning Maud Land Expedition,1997/98,-73.95,-5.41667,Fault Nunatak,kontaktmet. Sandstein (Quarzit),Quarzite,Suite of metamorphic rocks,Metasedimentary rocks,0.016,2.658
113,Helferich,Südafrikanische Dronning Maud Land Expedition,1997/98,-73.95,-5.41667,Fault Nunatak,Nebengesteinsfragment (Quarzit) in Intrusion,Quarzite,Suite of metamorphic rocks,Metasedimentary rocks,0.048,2.659
121,Helferich,Südafrikanische Dronning Maud Land Expedition,1997/98,-73.9,-5.25,Tunga (Nordseite),quarzit. Sandstein m. Harnischfläche,Quarzite,Suite of metamorphic rocks,Metasedimentary rocks,0.026,2.7
DML 2001 B,Laufer,DFG Geological Expedition To Central DML Antarctica,,-71.973,7.299,NW Ende Filchnerfjella,Unreiner Quarzit,Quarzite,Suite of metamorphic rocks,Metasedimentary rocks,0.0618,2.729323308
4253,Jacobs,GeoMaud,1995/96,-71.833,9.7,E-Conrad; Bucht S´ Charnockite Wall,Tonalit-Orthogneiss,Tonalite-Orthogneiss,Suite of metamorphic rocks,Metasedimentary rocks,0.2167,
4254,Jacobs,GeoMaud,1995/96,-71.833,9.7,Back to Granulite Wall,Tonalitischer Orthogneiss (Geochronologie),Tonalite-Orthogneiss,Suite of metamorphic rocks,Metasedimentary rocks,1.1182,
4255,Jacobs,GeoMaud,1995/96,-71.833,9.7,Back to Granulite Wall,Tonalitischer Orthogneiss (Geochronologie),Tonalite-Orthogneiss,Suite of metamorphic rocks,Metasedimentary rocks,0.159,2.718
4190,Jacobs,GeoMaud,1995/96,-71.833,9.7,E-Conrad Ridge,"Amphibolit; Ft-Probe, H: 1840 m",Amphibolite,Suite of metamorphic rocks,Metavolcanic rocks,0.568,3.089
4199,Jacobs,GeoMaud,1995/96,-71.833,9.7,Zentraler Teil Conrad,Migmatischer Amphibolit mit Opx im Leukosom,Amphibolite,Suite of metamorphic rocks,Metavolcanic rocks,0.155,2.831
4232,Jacobs,GeoMaud,1995/96,-71.533,9,"Nunatak Day, N´ Holtedahl; Henriksenskjera; von N nach S","Amphibolit, Ft-Probe, H: 1260 m",Amphibolite,Suite of metamorphic rocks,Metavolcanic rocks,0.256,2.798
4315,Jacobs,GeoMaud,1995/96,-71.8,10.5,Serbakova Nord,Amphibolit (H:?),Amphibolite,Suite of metamorphic rocks,Metavolcanic rocks,0.4176,
4325,Jacobs,GeoMaud,1995/96,-71.95,8.4,"Süd-Drygalski (Mundlauga), 2. südlichster Nunatak Drygalski","Amphibolit, Ft 2180 m",Amphibolite,Suite of metamorphic rocks,Metavolcanic rocks,0.416,2.87
4330,Jacobs,GeoMaud,1995/96,-71.867,8.884,Zentral Holtedahl,rel. undef. Leukosom mit Opx in migmatitischem Amphibolit (Nähe Kontakt Syenit),Amphibolite,Suite of metamorphic rocks,Metavolcanic rocks,1.4214,
4332,Jacobs,GeoMaud,1995/96,-71.867,8.884,Zentral Holtedahl,migmatitischer Amphibolit,Amphibolite,Suite of metamorphic rocks,Metavolcanic rocks,0.86,
4334,Jacobs,GeoMaud,1995/96,-71.867,8.884,Zentral Holtedahl,"Basit, Amphibolit, Opx + Cpx ? in Amphibolit",Amphibolite,Suite of metamorphic rocks,Metavolcanic rocks,0.53,
4335,Jacobs,GeoMaud,1995/96,-71.867,8.884,Zentral Holtedahl,"Basit, Amphibolit, Opx + Cpx ? in Amphibolit",Amphibolite,Suite of metamorphic rocks,Metavolcanic rocks,1.14,
4363,Jacobs,GeoMaud,1995/96,-71.75,10.33333,Dallmann Top,Amphibolit; Ft: 2610 m,Amphibolite,Suite of metamorphic rocks,Metavolcanic rocks,0.35,2.773
4551,Jacobs,"GeoMaud 2, NARP",1999/2000,-71.983,2.86667,"Armlenet, AS13","Gt-Amphibolit, Petro",Amphibolite,Suite of metamorphic rocks,Metavolcanic rocks,1.336,3.279
4553,Jacobs,"GeoMaud 2, NARP",1999/2000,-71.983,2.86667,"Armlenet, AS13","Gt-Amphibolit, 50 m höher in einem anderen Band, Petro",Amphibolite,Suite of metamorphic rocks,Metavolcanic rocks,0.58,3.422
4614,Jacobs,"GeoMaud 2, NARP",1999/2000,-72.05,3.16667,"Risemedet, 2. Campsporn, AS5","vom Wandfuss aufgelesenes Stück Gt-Amph., check Eklogit",Amphibolite,Suite of metamorphic rocks,Metavolcanic rocks,0.749,3.333
4617,Jacobs,"GeoMaud 2, NARP",1999/2000,-72.117,3.7,"W-Mühlig-Hofmann-Gebirge; Festninga, W-Sporn, AS25","Retrograder Amphibolit, war vermutlich dyke in diatexitischem Gneis, H=1820, 2. vorderster Nunatak",Amphibolite,Suite of metamorphic rocks,Metavolcanic rocks,0.239,2.804
4646,Jacobs,"GeoMaud 2, NARP",1999/2000,-72.05,3.16667,"Risemedet, Südsporn, AS9","Gt-Amphibolit Boudin, check for ecologite, Petro",Amphibolite,Suite of metamorphic rocks,Metavolcanic rocks,1.895,2.858
4650,Jacobs,"GeoMaud 2, NARP",1999/2000,-72.05,3.16667,"Risemedet, 1. Campsporn, AS4","Amphibolit vom hinteren Talende, Hangendkontakt des Augengneis, Petro",Amphibolite,Suite of metamorphic rocks,Metavolcanic rocks,0.448,2.896
4668,Jacobs,Heimefrontfjella,1994,-74.56,-10.03333,XU-Fjella,"typical amphibolite , interlayered with grey gneisses",Amphibolite,Suite of metamorphic rocks,Metavolcanic rocks,1.042,2.776
4725,Jacobs,Heimefrontfjella,1994,-74.28333,-9.6,Laudalkammen,amphibolite pegmatite from basic complex,Amphibolite,Suite of metamorphic rocks,Metavolcanic rocks,0.376,2.962
4774,Jacobs,Heimefrontfjella,1994,-74.3,-9.73333,Mittelkamm Burasbotnen,Gt-amphibolite,Amphibolite,Suite of metamorphic rocks,Metavolcanic rocks,0.387,2.941
4797,Jacobs,Heimefrontfjella,2000/01,-74.42406,-9.92393,Trapezberg,"Gt- Amphibolit, check for eclogite",Amphibolite,Suite of metamorphic rocks,Metavolcanic rocks,90.156,3.157
DML 1001 E,Laufer,DFG Geological Expedition To Central DML Antarctica,,-71.725,7.043,Gneis-Nunatak E Jaren,Gt-Amphibolit,Amphibolite,Suite of metamorphic rocks,Metavolcanic rocks,0.485,2.993624161
DML 2001 A,Laufer,DFG Geological Expedition To Central DML Antarctica,,-71.973,7.299,NW Ende Filchnerfjella,Grober Gt-Amphibolit,Amphibolite,Suite of metamorphic rocks,Metavolcanic rocks,0.6662,2.974757282
DML 2001 A,Laufer,DFG Geological Expedition To Central DML Antarctica,,-71.973,7.299,NW Ende Filchnerfjella,Grober Gt-Amphibolit,Amphibolite,Suite of metamorphic rocks,Metavolcanic rocks,0.1906,2.683774834
DML 2201 A,Laufer,DFG Geological Expedition To Central DML Antarctica,,-71.965,7.368,"Großer ""schwarzer Zug"" in N-Flanke Filchnerfjella ",Amphibolit,Amphibolite,Suite of metamorphic rocks,Metavolcanic rocks,0.4818,2.997765363
4805,Jacobs,Heimefrontfjella,2000/01,-74.56,-10.05,"Rasmusenegga, Südnunatak","Felsischer MV, Suzi-Nr.90=27,5 (KB121)",Felsic Meta-Vulcanite,Suite of metamorphic rocks,Metavolcanic rocks,24.688,2.665
4845,Jacobs,Heimefrontfjella,2000/01,-74.39167,-9.68333,Haneborg-Hansenveggen (südlicher Aufschlussbereich),"Wechsellagerung Felsischer MV/mafischer MV (KB167), repräsentiert möglicherweise die stark gescherten Äquivalente von stark mig. MV, Suzi-Nr. 325=12,5",Felsic Meta-Vulcanite,Suite of metamorphic rocks,Metavolcanic rocks,12.5,
4847,Jacobs,Heimefrontfjella,2000/01,-74.39167,-9.68333,Haneborg-Hansenveggen (2 Aufschlussbereich),"Felischer MV, rel. schwach deformiert, wie KB172, Suzi-Nr. 336=14,9 (KB172)",Felsic Meta-Vulcanite,Suite of metamorphic rocks,Metavolcanic rocks,17.108,2.623
4854,Jacobs,Heimefrontfjella,2000/01,-74.40334,-10.00833,E-Riebermonosa,"Felsischer MV, Suzi-Nr. 46=18,1, Geochron. (KB112?)",Felsic Meta-Vulcanite,Suite of metamorphic rocks,Metavolcanic rocks,18.1,
4326,Jacobs,GeoMaud,1995/96,-71.95,8.4,"Süd-Drygalski (Mundlauga), Westridge Südnunataka","typischer leukokrater Metavulkanit, nicht migmatitisch, Ft 2100 m",Leuco-Meta-Vulcanite,Suite of metamorphic rocks,Metavolcanic rocks,0.688,2.604
4351,Jacobs,GeoMaud,1995/96,-71.75,10.33333,Dallmann Ost,Leukokrater Metavulkanit; H: 1770 m,Leuco-Meta-Vulcanite,Suite of metamorphic rocks,Metavolcanic rocks,14.326,2.69
4352,Jacobs,GeoMaud,1995/96,-71.75,10.33333,Dallmann Ost,Leukokrater Metavulkanit; Geochronologie,Leuco-Meta-Vulcanite,Suite of metamorphic rocks,Metavolcanic rocks,0.025,
4655,Jacobs,"GeoMaud 2, NARP",1999/2000,-71.983,2.86667,"Armlenet, Pseudosedimente, AS11","Leukokrater Metavulkanit aus prominenter ""Metasediment-Wand"", H=1350",Leuco-Meta-Vulcanite,Suite of metamorphic rocks,Metavolcanic rocks,1.922,2.609
4809,Jacobs,Heimefrontfjella,2000/01,-74.56,-10.05,"Rasmusenegga, 2. Nunatak","Leukokrater MV, Suzi-Nr.95=28,0",Leuco-Meta-Vulcanite,Suite of metamorphic rocks,Metavolcanic rocks,28,
4810,Jacobs,Heimefrontfjella,2000/01,-74.56,-10.05,"Rasmusenegga, 3. Nunatak","Leukokrater MV, extrem frisches Material; Suzi-Nr.102=49,0 (KB126)",Leuco-Meta-Vulcanite,Suite of metamorphic rocks,Metavolcanic rocks,49,
4837,Jacobs,Heimefrontfjella,2000/01,-74.41666,-9.95,Magnussenknausen,"Extrem Mt-haltige LMV, Petro., Suzi ca. 170",Leuco-Meta-Vulcanite,Suite of metamorphic rocks,Metavolcanic rocks,109.394,2.743
4840,Jacobs,Heimefrontfjella,2000/01,-74.41666,-9.95,Magnussenknausen,"Leukokrater MV, Geochron., Suzi-Nr. 298= 29,3 (KB160)",Leuco-Meta-Vulcanite,Suite of metamorphic rocks,Metavolcanic rocks,29.3,
4841,Jacobs,Heimefrontfjella,2000/01,-74.40334,-10.00833,W-Rienermonosa,"Leukokrater MV, Suzi-Nr. 43 = 2,32, Geochronologie (KB111)",Leuco-Meta-Vulcanite,Suite of metamorphic rocks,Metavolcanic rocks,6.946,2.616
4852,Jacobs,Heimefrontfjella,2000/01,-74.40334,-10.00833,W-Rienermonosa,"Leukokrater MV, Suzi-Nr. 44=27,5, Geochronologie",Leuco-Meta-Vulcanite,Suite of metamorphic rocks,Metavolcanic rocks,27.5,
4853,Jacobs,Heimefrontfjella,2000/01,-74.40334,-10.00833,W-Rienermonosa,"Leukokrater MV, Suzi-Nr. 45=21.0, Geochron.",Leuco-Meta-Vulcanite,Suite of metamorphic rocks,Metavolcanic rocks,21,
4309,Jacobs,GeoMaud,1995/96,-71.8,10.5,Serbakova Mitte,Metadayke (Yenja´s rock),Meta Dyke,Suite of metamorphic rocks,Metavolcanic rocks,0.4308,
4294,Jacobs,GeoMaud,1995/96,-71.9667,9.7,S´Conrad (Bjerkenuten); Halbe Hanghöhe,Metarhyolit,Meta- Rhyolite,Suite of metamorphic rocks,Metavolcanic rocks,0.3,
4619,Jacobs,"GeoMaud 2, NARP",1999/2000,-72.05,3.16667,"Risemedet, 2. Campsporn, AS5","Metadiorit, möglicherweise U/Pb",Meta-Diorite,Suite of metamorphic rocks,Metavolcanic rocks,0.245,2.731
4785,Jacobs,Heimefrontfjella,2000/01,-74.323,-9.56667,Lauringrabben,"Metagabbro, Petro., Suzi-Nr. 304=0,56",Metagabbro,Suite of metamorphic rocks,Metavolcanic rocks,0.56,
DML 2001 C,Laufer,DFG Geological Expedition To Central DML Antarctica,,-71.973,7.299,NW Ende Filchnerfjella,Meta-Ultrabasit,Meta-Ultrabasite,Suite of metamorphic rocks,Metavolcanic rocks,0.4304,3.0247557
4271,Jacobs,GeoMaud,1995/96,-71.953,9.389,"Kurze, Mitte",MV? Petrologie,Meta-Vulcanite,Suite of metamorphic rocks,Metavolcanic rocks,0.9474,
4359,Jacobs,GeoMaud,1995/96,-71.75,10.33333,Dallmann Top,mafische Partie in Metavulkaniten; Ft 2560 m,Meta-Vulcanite,Suite of metamorphic rocks,Metavolcanic rocks,0.4643,
4723,Jacobs,Heimefrontfjella,1994,-74.28333,-9.6,Laudalkammen,metablastic metavolcanic,Meta-Vulcanite,Suite of metamorphic rocks,Metavolcanic rocks,0.165,2.725
19,Helferich,Südafrikanische Dronning Maud Land Expedition,1997/98,-74.06667,-5.73333,Ladfjella,Migmatit,Migmatite,Suite of metamorphic rocks,Metavolcanic rocks,0.187,2.831
68,Helferich,Südafrikanische Dronning Maud Land Expedition,1997/98,-73.6,-4.31667,"Nunatak 1,3 km WNW´ Enden",Migmatit,Migmatite,Suite of metamorphic rocks,Metavolcanic rocks,1.167,2.786
75,Helferich,Südafrikanische Dronning Maud Land Expedition,1997/98,-73.60194,-4.25,Enden,Migmatit,Migmatite,Suite of metamorphic rocks,Metavolcanic rocks,0.56,2.69
79,Helferich,Südafrikanische Dronning Maud Land Expedition,1997/98,-73.48333,-3.78528,Svartbandufsa,Migmatit,Migmatite,Suite of metamorphic rocks,Metavolcanic rocks,0.163,2.768
4565,Jacobs,"GeoMaud 2, NARP",1999/2000,-72.117,3.7,"W-Mühlig-Hofmann-Gebirge; Sedimentaufschlüsse im SW, AS17","Migmatit, 3 Phasen erkennbar: 1) Restit, 2) Leukosom1(grau), 3) Leukosom 2 (mit Gt), Petro",Migmatite,Suite of metamorphic rocks,Metavolcanic rocks,0.344,2.773
4615,Jacobs,"GeoMaud 2, NARP",1999/2000,-72.117,3.7,"W-Mühlig-Hofmann-Gebirge; Festninga, W-Sporn, AS25","Migmatit, Petro, Scharte",Migmatite,Suite of metamorphic rocks,Metavolcanic rocks,0.057,2.65
4308,Jacobs,GeoMaud,1995/96,-71.833,9.7,Conrad Granulite Wall,Pseudoeclogite,Pseudoeclogite,Suite of metamorphic rocks,Metavolcanic rocks,6.75,
4242,Jacobs,GeoMaud,1995/96,-72.002,8.858,S-Holtedahl,relativ schwach charnnockitisierter Gneiss,Charnockite - Gneiss,Suite of metamorphic rocks,Metavolcanic rocks with charnockitisation,6.675,
4243,Jacobs,GeoMaud,1995/96,-72.002,8.858,S-Holtedahl,Charnockitischer Gneiss mit noch deutlich sichtbarer Foliation,Charnockite - Gneiss,Suite of metamorphic rocks,Metavolcanic rocks with charnockitisation,6.7,2.685
4245,Jacobs,GeoMaud,1995/96,-72.002,8.858,S-Holtedahl,"Völlig charnockitisierter Gneiss, Foliation nicht mehr vorhanden",Charnockite - Gneiss,Suite of metamorphic rocks,Metavolcanic rocks with charnockitisation,6,2.703
4246,Jacobs,GeoMaud,1995/96,-72.002,8.858,S-Holtedahl,"Völlig charnockitisierter Gneiss, Foliation nicht mehr vorhanden",Charnockite - Gneiss,Suite of metamorphic rocks,Metavolcanic rocks with charnockitisation,2.725,
4355,Jacobs,GeoMaud,1995/96,-71.75,10.33333,Dallmann Top,charnockitischer leukokrater MV;,Charnockite - Leuco-Meta-Vulcanite,Suite of metamorphic rocks,Metavolcanic rocks with charnockitisation,14.65,2.637
4358,Jacobs,GeoMaud,1995/96,-71.75,10.33333,Dallmann Top,"relativ mafische Partie in leukokraten MV, charnockitisch?",Charnockite - Leuco-Meta-Vulcanite,Suite of metamorphic rocks,Metavolcanic rocks with charnockitisation,0.8444,
4272,Jacobs,GeoMaud,1995/96,-71.953,9.389,"Kurze, Mitte","charnockitiserter MV, H: 1790 m",Charnockite - Meta-Vulcanite,Suite of metamorphic rocks,Metavolcanic rocks with charnockitisation,2.52,
4357,Jacobs,GeoMaud,1995/96,-71.75,10.33333,Dallmann Top,charnockitischer MV,Charnockite - Meta-Vulcanite,Suite of metamorphic rocks,Metavolcanic rocks with charnockitisation,2.643,
59,Helferich,Südafrikanische Dronning Maud Land Expedition,1997/98,-73.9,-5.33333,Tunga (Südseite),Matrix zu Pr. 2/1/1 (Konglomerat),Conglomerate,Other,Other,13.272,
102,Helferich,Südafrikanische Dronning Maud Land Expedition,1997/98,-73.38333,-3.61667,W´ Ende Tverregga,Konglomerat,Conglomerate,Other,Other,0.025,2.599
108,Helferich,Südafrikanische Dronning Maud Land Expedition,1997/98,-73.83472,-5.31667,Utrinden,Konglomerat,Conglomerate,Other,Other,0.005,2.661
85,Helferich,Südafrikanische Dronning Maud Land Expedition,1997/98,-73.4,-3.55,Tverreggtelen,bas. Ganggestein,Gangstein,Other,Other,0.726,3.051
4566,Jacobs,"GeoMaud 2, NARP",1999/2000,-72.117,3.7,"W-Mühlig-Hofmann-Gebirge; Sedimentaufschlüsse im SW, AS17","intermediärer Gang mit felsischen Schlieren (typisch für diesen Hangabschnitt), Petro",Gangstein,Other,Other,0.01,2.773
4569,Jacobs,"GeoMaud 2, NARP",1999/2000,-72.117,3.7,"W-Mühlig-Hofmann-Gebirge; Sedimentaufschlüsse im SW, AS17","intermediärer Gang, ganz schwach migmatisch, U/Pb, FT, H=1900",Gangstein,Other,Other,0.215,2.773
4579,Jacobs,"GeoMaud 2, NARP",1999/2000,-72.117,3.7,"W-Mühlig-Hofmann-Gebirge; Metasediment-Ridge, AS17","Mafischer Gang mit felsischen Schlieren, stark deformiert, enthält ein Leukosom mit  typischem grünen Mineral, U/Pb",Gangstein,Other,Other,0.296,2.819
4637,Jacobs,"GeoMaud 2, NARP",1999/2000,-72.017,3.95,"W-Mühlig-Hofmann-Gebirge; Hoggestabben Nord, AS 23","feinkörniger jurasssischer Gang, mit Vesikeln; SE-Dyke",Gangstein,Other,Other,26.586,2.939
4647,Jacobs,"GeoMaud 2, NARP",1999/2000,-72.05,3.16667,"Risemedet, Südsporn, AS9","mafischer diskordanter Gang, Petro",Gangstein,Other,Other,0.21,2.915
4652,Jacobs,"GeoMaud 2, NARP",1999/2000,-71.983,2.86667,"Armlenet, AS10","mafischer Gang, hybrid mit feinkörnigem Granit",Gangstein,Other,Other,0.186,2.778
4808,Jacobs,Heimefrontfjella,2000/01,-74.42406,-9.92393,Trapezberg,"Mafischer Gang, diskordant, schwach metamorph, an Scherzone verschleppt (KB107)",Gangstein,Other,Other,30.612,2.946
DML 1001 C,Laufer,DFG Geological Expedition To Central DML Antarctica,,-71.725,7.043,Gneis-Nunatak E Jaren,Foliierter Peg Gang P2,Gangstein,Other,Other,0.0018,2.579310345
DML 1001 F,Laufer,DFG Geological Expedition To Central DML Antarctica,,-71.725,7.043,Gneis-Nunatak E Jaren,Maf/Intermed. Gang,Gangstein,Other,Other,0.3142,2.717647059
DML 1101 C,Laufer,DFG Geological Expedition To Central DML Antarctica,,-71.725,7.043,Gneis-Nunatak E Jaren,Interm Gang (foliiert?),Gangstein,Other,Other,0.007,2.567470956
NWR 10 ,Roland,"GeoMaud (Central Dronning Maud Land), 1995/96",1995/2004,-71.691,9.654,Conrad Mountains,Gangestein,Gangstein,Other,Other,0.0535,2.580683311
4337,Jacobs,GeoMaud,1995/96,-71.867,8.884,Zentral Holtedahl,"Leukosom mit Opx, gesäumt von Amphibol",Leukosom,Other,Other,0.3429,
4567,Jacobs,"GeoMaud 2, NARP",1999/2000,-72.117,3.7,"W-Mühlig-Hofmann-Gebirge; Sedimentaufschlüsse im SW, AS17","Intrusives Leukosom, U/Pb, H=2060, FT",Leukosom,Other,Other,0.006,2.601
4571,Jacobs,"GeoMaud 2, NARP",1999/2000,-72.117,3.7,"W-Mühlig-Hofmann-Gebirge; Sedimentaufschlüsse im SW, AS17","Gt-führendes Leukosom, Petro",Leukosom,Other,Other,0.024,2.606
84,Helferich,Südafrikanische Dronning Maud Land Expedition,1997/98,-73.4,-3.55,Tverreggtelen,Mylonit aus Überschiebungszone,Mylonite,Other,Other,0.171,2.832
67,Helferich,Südafrikanische Dronning Maud Land Expedition,1997/98,-73.61861,-4.23472,Nunatak 800 m S´ Enden,Pegmatit,Pegmatite,Other,Other,0.032,2.625
4301,Jacobs,GeoMaud,1995/96,-71.833,9.7,Conrad Granulite Wall,Pegmatit in Boudin neck mit Opx (U/Pb Geochronologie),Pegmatite,Other,Other,0.61,2.734
DML 1101 D,Laufer,DFG Geological Expedition To Central DML Antarctica,,-71.725,7.043,Gneis-Nunatak E Jaren,Pegmatit,Pegmatite,Other,Other,1.9374,2.542663657
DML 1401 B,Laufer,DFG Geological Expedition To Central DML Antarctica,,-71.921,7.746,Kampekalven,Pegmatit,Pegmatite,Other,Other,0.3496,2.587755102
82,Helferich,Südafrikanische Dronning Maud Land Expedition,1997/98,-73.48333,-3.78528,Svartbandufsa,Pyllonit aus Scherzone,Pyllonite,Other,Other,0.291,2.926
136,Helferich,Südafrikanische Dronning Maud Land Expedition,1997/98,-73.95139,-5.70139,Klakknabben,Quarzitschiefer,Quartz Schist,Other,Other,0.49,2.919
151,Helferich,Südafrikanische Dronning Maud Land Expedition,1997/98,-74.05083,-6.36667,Polaris Ridge Ost,Quarzitischer Schiefer,Quartz Schist,Other,Other,0.025,2.581
98,Helferich,Südafrikanische Dronning Maud Land Expedition,1997/98,-73.38333,-3.61667,W´ Ende Tverregga,kristalliner Schiefer,Schist,Other,Other,0.131,2.688
130,Helferich,Südafrikanische Dronning Maud Land Expedition,1997/98,-73.9,-5.91667,Drabanten,Muskovit-Glimmerschiefer (Metaflysch),Schist,Other,Other,0.055,2.693
4360,Jacobs,GeoMaud,1995/96,-71.75,10.33333,Dallmann Top,Ultramylonit mit ungeregelten Fsp-Klasten,Ultramylonite,Other,Other,0.892,2.803
4361,Jacobs,GeoMaud,1995/96,-71.75,10.33333,Dallmann Top,Ultramylonit mit ungeregelten Fsp-Klasten,Ultramylonite,Other,Other,0.571,
100,Helferich,Südafrikanische Dronning Maud Land Expedition,1997/98,-73.38333,-3.61667,W´ Ende Tverregga,Tonschiefer,,Other,Other,0.263,2.771
128,Helferich,Südafrikanische Dronning Maud Land Expedition,1997/98,-73.9,-5.91667,Drabanten,Basementschuppe im Metaflysch,,Other,Other,0.139,2.694
133,Helferich,Südafrikanische Dronning Maud Land Expedition,1997/98,-73.95139,-5.70139,Klakknabben,"""Kontaktbereich"" Quarzitschiefer/Basementschuppe",,Other,Other,0.102,2.684
135,Helferich,Südafrikanische Dronning Maud Land Expedition,1997/98,-73.95139,-5.70139,Klakknabben,Basementschuppe,,Other,Other,0.006,2.694
4183,Jacobs,GeoMaud,1995/96,-71.833,9.7,E-Conrad Ridge,3 Stücke aus der Moräne; grüne Säume um ultramafische Gesteine: U-Minralisation?,,Other,Other,0.265,
4212,Jacobs,GeoMaud,1995/96,-71.833,9.7,Conrad Gipfel,Ft-Probe von Wilfried von Sandhökalvane; H: 1830 m,,Other,Other,0.3667,
4216,Jacobs,GeoMaud,1995/96,-71.75,10.33333,NE-Dallmannberge,Mobilisat schneidet Foliation,,Other,Other,18,
4241,Jacobs,GeoMaud,1995/96,-72.002,8.858,S-Holtedahl,"Ft-Probe, H: 1760 m",,Other,Other,2.655,
4257,Jacobs,GeoMaud,1995/96,-72.083,2.83333,Reconnaissanceflug nach Gjelsvikfjella,"Steinsteinen, nicht charnockitisierter Syenit, relativ kleinkörnig",,Other,Other,30.272,2.717
4284,Jacobs,GeoMaud,1995/96,-71.97,9.696,S-Conrad,"Ft-Probe S-Conrad, H: 2400 m",,Other,Other,0.1667,
4736,Jacobs,Heimefrontfjella,1994,-74.3,-9.73333,Burasbotnen SE-Face,sulfidic cotecul (Thomas VOLEX),,Other,Other,0.342,2.842
4787,Jacobs,Heimefrontfjella,2000/01,-74.323,-9.56667,"Laudalkammen, bottom","Weber Fm., Geochron., check volcanic or not, Suzi-Nr. 310=0,03",,Other,Other,0.028,2.661
